{"flutter":{"platforms":{"android":{"default":{"projectId":"new-agripay-app","appId":"1:509215274401:android:78a5bf8575a4339bcfc7e0","fileOutput":"android/app/google-services.json"}},"dart":{"lib/firebase_options.dart":{"projectId":"new-agripay-app","configurations":{"android":"1:509215274401:android:78a5bf8575a4339bcfc7e0","ios":"1:509215274401:ios:c7aac60a7594d74ecfc7e0","macos":"1:509215274401:ios:c7aac60a7594d74ecfc7e0","web":"1:509215274401:web:49cb3851f499b857cfc7e0","windows":"1:509215274401:web:718162384962fae6cfc7e0"}}}}}}