{
  "project_info": {
    "project_number": "509215274401",
    "project_id": "new-agripay-app",
    "storage_bucket": "new-agripay-app.appspot.com"
  },
  "client": [
    {
      "client_info": {
        "mobilesdk_app_id": "1:509215274401:android:78a5bf8575a4339bcfc7e0",
        "android_client_info": {
          "package_name": "com.agripay.app"
        }
      },
      "oauth_client": [],
      "api_key": [
        {
          "current_key": "AIzaSyDc4dvsZ5n4nmpF4IS7dixIMXVaP3W0V2w"
        }
      ],
      "services": {
        "appinvite_service": {
          "other_platform_oauth_client": []
        }
      }
    }
  ],
  "configuration_version": "1"
}